Symbol,Name,Last,Industry,Sector,Options,Name
A,"Agilent Technologies",76.08,"Electronic Test Equipment","Computers and Technology",Yes,"Agilent Techno"
AAL,"American Airlines Gp",27.82,"Transportation - Airline",Transportation,Yes,"American Airli"
AAP,"Advance Auto Parts Inc",158.89,"Retail - Wholesale Auto Parts",Retail-Wholesale,Yes,"Advance Auto P"
AAPL,"Apple Inc",234.22,"Computer - Mini","Computers and Technology",Yes,"Apple Inc"
ABBV,"Abbvie Inc",74.03,"Large Cap Pharma",Medical,Yes,"Abbvie Inc"
ABC,"Amerisourcebergen Corp",82.92,"Medical - Dental Suppliers",Medical,Yes,Amerisourceber
ABMD,"Abiomed Inc",172.7,"Medical Instruments",Medical,Yes,"Abiomed Inc"
ABT,"Abbott Laboratories",81.23,"Medical Products",Medical,Yes,"Abbott Laborat"
ACN,"Accenture Plc",186.75,Consulting,"Business Services",Yes,"Accenture Plc"
ADBE,"Adobe Systems Inc",280.54,"Computer - Software","Computers and Technology",Yes,"Adobe Systems "
ADI,"Analog Devices",111.63,"Semi Analog & Mixed","Computers and Technology",Yes,"Analog Devices"
ADM,"Archer Daniels Midland",40.6,"Agriculture Operations","Consumer Staples",Yes,"Archer Daniels"
ADP,"Automatic Data Procs",163.31,Outsourcing,"Business Services",Yes,"Automatic Data"
ADS,"Alliance Data Systems Corp",121.45,"Financial Transaction Services","Business Services",Yes,"Alliance Data "
ADSK,"Autodesk Inc",151.44,"Computer - Software","Computers and Technology",Yes,"Autodesk Inc"
AEE,"Ameren Corp",76.51,"Utility - Electric Power",Utilities,Yes,"Ameren Corp"
AEP,"American Electric Power Company",92.15,"Utility - Electric Power",Utilities,Yes,"American Elect"
AES,"The Aes Corp",15.99,"Utility - Electric Power",Utilities,Yes,"The Aes Corp"
AFL,"Aflac Incorporated",52.84,"Insurance - Accident & Health",Finance,Yes,"Aflac Incorpor"
AGN,"Allergan Plc",168.4,"Medical - Generic Drugs",Medical,Yes,"Allergan Plc"
AIG,"American International Group",55.33,"Insurance - Multi Line",Finance,Yes,"American Inter"
AIV,"Apartment Investment and Management",53.33,"REIT - Equity Trust Resident",Finance,Yes,"Apartment Inve"
AIZ,"Assurant Inc",126.51,"Insurance - Multi Line",Finance,Yes,"Assurant Inc"
AJG,"Arthur J. Gallagher & Company",88.24,"Insurance - Brokers",Finance,Yes,"Arthur J. Gall"
AKAM,"Akamai Technologies",90.74,"Internet - Services","Computers and Technology",Yes,"Akamai Technol"
ALB,"Albemarle Corp",68.38,"Chemical - Diversified","Basic Materials",Yes,"Albemarle Corp"
ALGN,"Align Technology",202.06,"Medical - Dental Suppliers",Medical,Yes,"Align Technolo"
ALK,"Alaska Air Group",67.18,"Transportation - Airline",Transportation,Yes,"Alaska Air Gro"
ALL,"Allstate Corp",108.72,"Insurance - Proprty & Casualty",Finance,Yes,"Allstate Corp"
ALLE,"Allegion Plc",102.58,"Protection - Safety","Industrial Products",Yes,"Allegion Plc"
ALXN,"Alexion Pharm Inc",99.52,"Medical - Biomedical",Medical,Yes,"Alexion Pharm "
AMAT,"Applied Materials",52.31,"Semi-Eqpt Wafer Fabrication","Computers and Technology",Yes,"Applied Materi"
AMCR,"Amcor Plc",9.69,"Containers - Paper Products","Industrial Products",Yes,"Amcor Plc"
AMD,"Adv Micro Devices",29.48,"Electronics - Semiconductors","Computers and Technology",Yes,"Adv Micro Devi"
AME,"Amtek Inc",89.95,"Electronic Test Equipment","Computers and Technology",Yes,"Amtek Inc"
AMG,"Affiliated Managers Group",76.27,"Finance - Investment Mgmt",Finance,Yes,"Affiliated Man"
AMGN,"Amgen Inc",203.55,"Medical - Biomedical",Medical,Yes,"Amgen Inc"
AMP,"Ameriprise Financial Services",139.17,"Finance - Investment Mgmt",Finance,Yes,"Ameriprise Fin"
AMT,"American Tower Corp",226.06,"REIT - Equity Trust Other",Finance,Yes,"American Tower"
AMZN,"Amazon.com Inc",1744.66,"Internet Commerce",Retail-Wholesale,Yes,"Amazon.com Inc"
ANET,"Arista Networks Inc",237.9,"Communications Components","Computers and Technology",Yes,"Arista Network"
ANSS,"Ansys Inc",227.26,"Computer - Software","Computers and Technology",Yes,"Ansys Inc"
ANTM,"Anthem Inc",241.53,"Medical - HMO",Medical,Yes,"Anthem Inc"
AON,"AON Plc",191.62,"Insurance - Brokers",Finance,Yes,"AON Plc"
AOS,"Smith [A.O.] Corp",48.27,"Machinery - Electrical","Industrial Products",Yes,"Smith [A.O.] C"
APA,"Apache Corp",21.21,"Oil - US Exploration & Product",Oils-Energy,Yes,"Apache Corp"
APD,"Air Products and Chemicals",218.9,"Chemical - Diversified","Basic Materials",Yes,"Air Products a"
APH,"Amphenol Corp",97.92,"Electronics - Connectors","Computers and Technology",Yes,"Amphenol Corp"
APTV,"Aptiv Plc",86.66,"Technology Services","Business Services",Yes,"Aptiv Plc"
ARE,"Alexandria Real Estate Equities",154.37,"REIT - Equity Trust Other",Finance,Yes,"Alexandria Rea"
ARNC,"Arconic Inc",26.6,"Mining - Non Ferrous","Basic Materials",Yes,"Arconic Inc"
ATO,"Atmos Energy Corp",110.97,"Utility - Gas Distribution",Utilities,Yes,"Atmos Energy C"
ATVI,"Activision Blizzard",55.31,"Toys & Game & Hobby","Consumer Discretionary",Yes,"Activision Bli"
AVB,"Avalonbay Communities",217.5,"REIT - Equity Trust Resident",Finance,Yes,"Avalonbay Comm"
AVGO,"Broadcom Ltd",283.17,"Electronics - Semiconductors","Computers and Technology",Yes,"Broadcom Ltd"
AVY,"Avery Dennison Corp",114.14,"Office Supply & Forms","Industrial Products",Yes,"Avery Dennison"
AWK,"American Water Works",123.35,"Utility - Water Supply",Utilities,Yes,"American Water"
AXP,"American Express Company",117.06,"Finance - Misc Services",Finance,Yes,"American Expre"
AZO,Autozone,1087.68,"Retail - Wholesale Auto Parts",Retail-Wholesale,Yes,Autozone
BA,"Boeing Company",372.04,"Aerospace - Defense",Aerospace,Yes,"Boeing Company"
BAC,"Bank of America Corp",29.18,"Banks - Major Regional",Finance,Yes,"Bank of Americ"
BAX,"Baxter International Inc",88.62,"Medical Products",Medical,Yes,"Baxter Interna"
BBT,"BB&T Corp",52.2,"Banks - Major Regional",Finance,Yes,"BB&T Corp"
BBY,"Best Buy Company",69.32,"Retail - Consumer Electronics",Retail-Wholesale,Yes,"Best Buy Compa"
BDX,"Becton Dickinson and Company",254.21,"Medical - Dental Suppliers",Medical,Yes,"Becton Dickins"
BEN,"Franklin Resources",27.66,"Finance - Investment Mgmt",Finance,Yes,"Franklin Resou"
BF.B,"Brown Forman Inc Cl B",63.21,"Beverages - Alcohol","Consumer Staples",No,"Brown Forman I"
BHGE,"Baker Hughes A Ge Co. Cl A",22.26,"Oil - Field Services",Oils-Energy,Yes,"Baker Hughes A"
BIIB,"Biogen Inc",225.45,"Medical - Biomedical",Medical,Yes,"Biogen Inc"
BK,"Bank of New York Mellon Corp",44.51,"Banks - Major Regional",Finance,Yes,"Bank of New Yo"
BKNG,"Booking Holdings Inc",1998.48,"Internet Commerce",Retail-Wholesale,Yes,"Booking Holdin"
BLK,Blackrock,432.8,"Finance - Investment Mgmt",Finance,Yes,Blackrock
BLL,"Ball Corp",73.78,"Containers - Metal & Glass","Industrial Products",Yes,"Ball Corp"
BMY,"Bristol-Myers Squibb Company",51.68,"Large Cap Pharma",Medical,Yes,"Bristol-Myers "
BR,"Broadridge Financial Solutions Llc",125,Outsourcing,"Business Services",Yes,"Broadridge Fin"
BRK.B,"Berkshire Hathaway Cl B",208.9,"Insurance - Proprty & Casualty",Finance,No,"Berkshire Hath"
BSX,"Boston Scientific Corp",38.77,"Medical Products",Medical,Yes,"Boston Scienti"
BWA,"Borgwarner Inc",37.14,"Auto - Truck Original Parts",Auto-Tires-Trucks,Yes,"Borgwarner Inc"
BXP,"Boston Properties",128.78,"REIT - Equity Trust Other",Finance,Yes,"Boston Propert"
C,"Citigroup Inc",70.5,"Banks - Major Regional",Finance,Yes,"Citigroup Inc"
CAG,"Conagra Brands Inc",28.55,"Food - Misc & Diversified","Consumer Staples",Yes,"Conagra Brands"
CAH,"Cardinal Health",47.36,"Medical - Dental Suppliers",Medical,Yes,"Cardinal Healt"
CAT,"Caterpillar Inc",128.08,"Machinery - Construct & Mining","Industrial Products",Yes,"Caterpillar In"
CB,"Chubb Ltd",155.86,"Insurance - Proprty & Casualty",Finance,Yes,"Chubb Ltd"
CBOE,"CBOE Global Markets Inc",114.93,"Securities Exchanges",Finance,Yes,"CBOE Global Ma"
CBRE,"CBRE Group Inc",52.18,"Real Estate Operations",Finance,Yes,"CBRE Group Inc"
CBS,"CBS Corp",38.73,"Broadcast - Radio & TV","Consumer Discretionary",Yes,"CBS Corp"
CCI,"Crown Castle International Corp",138.26,"REIT - Equity Trust Other",Finance,Yes,"Crown Castle I"
CCL,"Carnival Corp",42.22,"Leisure & Recreation Services","Consumer Discretionary",Yes,"Carnival Corp"
CDNS,"Cadence Design Sys",66.83,"Computer - Software","Computers and Technology",Yes,"Cadence Design"
CDW,"CDW Corp",124.66,"IT Services","Computers and Technology",Yes,"CDW Corp"
CE,"Celanese Corp",121.89,"Chemical - Specialty","Basic Materials",Yes,"Celanese Corp"
CELG,"Celgene Corp",100.44,"Medical - Biomedical",Medical,Yes,"Celgene Corp"
CERN,"Cerner Corp",67.75,"Medical Information Systems",Medical,Yes,"Cerner Corp"
CF,"Cf Industries Holdings",50.32,Fertilizers,"Basic Materials",Yes,"Cf Industries "
CFG,"Citizens Financial Group Inc/Ri",34.64,"Finance - Savings & Loan",Finance,Yes,"Citizens Finan"
CHD,"Church & Dwight Company",74.51,"Soap and Cleaning Products","Consumer Staples",Yes,"Church & Dwigh"
CHRW,"C.H. Robinson Ww",85.74,"Transportation - Services",Transportation,Yes,"C.H. Robinson "
CHTR,"Charter Communicatio",429.91,"Cable TV","Consumer Discretionary",Yes,"Charter Commun"
CI,"Cigna Corp",154.97,"Insurance - Multi Line",Finance,Yes,"Cigna Corp"
CINF,"Cincinnati Financial",116.83,"Insurance - Proprty & Casualty",Finance,Yes,"Cincinnati Fin"
CL,"Colgate-Palmolive Company",70.49,"Soap and Cleaning Products","Consumer Staples",Yes,Colgate-Palmol
CLX,"Clorox Company",150.41,"Soap and Cleaning Products","Consumer Staples",Yes,"Clorox Company"
CMA,"Comerica Inc",65.87,"Banks - Major Regional",Finance,Yes,"Comerica Inc"
CMCSA,"Comcast Corp A",45.09,"Cable TV","Consumer Discretionary",Yes,"Comcast Corp A"
CME,"CME Group Inc",212.79,"Securities Exchanges",Finance,Yes,"CME Group Inc"
CMG,"Chipotle Mexican Grill",841.01,"Retail - Restaurants",Retail-Wholesale,Yes,"Chipotle Mexic"
CMI,"Cummins Inc",163.61,"Engines - Internal Combustion",Auto-Tires-Trucks,Yes,"Cummins Inc"
CMS,"Cms Energy Corp",63.69,"Utility - Electric Power",Utilities,Yes,"Cms Energy Cor"
CNC,"Centene Corp",44.86,"Medical - HMO",Medical,Yes,"Centene Corp"
CNP,"Centerpoint Energy Inc",28.28,"Utility - Electric Power",Utilities,Yes,"Centerpoint En"
COF,"Capital One Financial Corp",90.23,"Finance - Consumer Loans",Finance,Yes,"Capital One Fi"
COG,"Cabot Oil & Gas Corp",17.69,"Oil - US Exploration & Product",Oils-Energy,Yes,"Cabot Oil & Ga"
COO,"Cooper Companies",297.69,"Medical - Dental Suppliers",Medical,Yes,"Cooper Compani"
COP,Conocophillips,56.43,"Oil - US Integrated",Oils-Energy,Yes,Conocophillips
COST,"Costco Wholesale",299.11,"Retail - Discount",Retail-Wholesale,Yes,"Costco Wholesa"
COTY,"Coty Inc",10.41,"Cosmetics & Toiletries","Consumer Staples",Yes,"Coty Inc"
CPB,"Campbell Soup Company",47.18,"Food - Misc & Diversified","Consumer Staples",Yes,"Campbell Soup "
CPRI,"Capri Holdings Ltd",29.79,"Retail - Apparel & Shoes",Retail-Wholesale,Yes,"Capri Holdings"
CPRT,"Copart Inc",82.58,"Auction Valuation Services","Business Services",Yes,"Copart Inc"
CRM,"Salesforce.com Inc",150.53,"Computer - Software","Computers and Technology",Yes,Salesforce.com
CSCO,"Cisco Systems Inc",47.05,"Computer - Networks","Computers and Technology",Yes,"Cisco Systems "
CSX,"CSX Corp",69.01,"Transportation - Rail",Transportation,Yes,"CSX Corp"
CTAS,"Cintas Corp",269.97,"Uniform & Related","Industrial Products",Yes,"Cintas Corp"
CTL,Centurylink,11.76,"Wireless National",Utilities,Yes,Centurylink
CTSH,"Cognizant Tech Sol",61.3,"Business Software Services","Computers and Technology",Yes,"Cognizant Tech"
CTVA,"Corteva Inc",26.65,"Agriculture Operations","Consumer Staples",Yes,"Corteva Inc"
CTXS,"Citrix Systems Inc",98.92,"Computer - Software","Computers and Technology",Yes,"Citrix Systems"
CVS,"CVS Corp",63.38,"Retail - Drug Stores",Retail-Wholesale,Yes,"CVS Corp"
CVX,"Chevron Corp",115.9,"Oil - International Integrated",Oils-Energy,Yes,"Chevron Corp"
CXO,"Concho Resources Inc",65.06,"Oil - US Exploration & Product",Oils-Energy,Yes,"Concho Resourc"
D,"Dominion Resources",81.6,"Utility - Electric Power",Utilities,Yes,"Dominion Resou"
DAL,"Delta Air Lines Inc",53.06,"Transportation - Airline",Transportation,Yes,"Delta Air Line"
DD,"Du Pont De.Nemours Inc",65.19,"Chemical - Diversified","Basic Materials",Yes,"Du Pont De.Nem"
DE,"Deere & Company",172.13,"Machinery - Farm","Industrial Products",Yes,"Deere & Compan"
DFS,"Discover Financial Services",78.54,"Finance - Consumer Loans",Finance,Yes,"Discover Finan"
DG,"Dollar General Corp",163.28,"Retail - Discount",Retail-Wholesale,Yes,"Dollar General"
DGX,"Quest Diagnostics Inc",104.77,"Medical - Outpatient & Hm Care",Medical,Yes,"Quest Diagnost"
DHI,"D.R. Horton",52.54,"Building - Residential & Comm",Construction,Yes,"D.R. Horton"
DHR,"Danaher Corp",141.1,"Conglomerates - Div Operations",Conglomerates,Yes,"Danaher Corp"
DIS,"Walt Disney Company",129.95,"Media Conglomerates","Consumer Discretionary",Yes,"Walt Disney Co"
DISCA,"Discovery Comm A",28.05,"Broadcast - Radio & TV","Consumer Discretionary",Yes,"Discovery Comm"
DISCK,"Discovery Comm Inc",26.23,"Broadcast - Radio & TV","Consumer Discretionary",Yes,"Discovery Comm"
DISH,"Dish Network Corp",33.97,"Cable TV","Consumer Discretionary",Yes,"Dish Network C"
DLR,"Digital Realty Trust",130.76,"REIT - Equity Trust Other",Finance,Yes,"Digital Realty"
DLTR,"Dollar Tree Inc",115.93,"Retail - Discount",Retail-Wholesale,Yes,"Dollar Tree In"
DOV,"Dover Corp",98.28,"Machinery - General Industrial","Industrial Products",Yes,"Dover Corp"
DOW,"Dow Inc",47.2,"Chemical - Diversified","Basic Materials",Yes,"Dow Inc"
DRE,"Duke Realty Corp",33.55,"REIT - Equity Trust Other",Finance,Yes,"Duke Realty Co"
DRI,"Darden Restaurants",113.91,"Retail - Restaurants",Retail-Wholesale,Yes,"Darden Restaur"
DTE,"Dte Energy Company",129.62,"Utility - Electric Power",Utilities,Yes,"Dte Energy Com"
DUK,"Duke Energy Corp",95.53,"Utility - Electric Power",Utilities,Yes,"Duke Energy Co"
DVA,"Davita Healthcare Partners Inc",57.02,"Medical - Outpatient & Hm Care",Medical,Yes,"Davita Healthc"
DVN,"Devon Energy Corp",21.51,"Oil - US Exploration & Product",Oils-Energy,Yes,"Devon Energy C"
DXC,"Dxc Technology Company",28,"IT Services","Computers and Technology",Yes,"Dxc Technology"
EA,"Electronic Arts Inc",95.83,"Toys & Game & Hobby","Consumer Discretionary",Yes,"Electronic Art"
EBAY,"Ebay Inc",38.97,"Internet Commerce",Retail-Wholesale,Yes,"Ebay Inc"
ECL,"Ecolab Inc",196.33,"Chemical - Specialty","Basic Materials",Yes,"Ecolab Inc"
ED,"Consolidated Edison Company of New York",92.14,"Utility - Electric Power",Utilities,Yes,"Consolidated E"
EFX,"Equifax Inc",143.24,"Financial Transaction Services","Business Services",Yes,"Equifax Inc"
EIX,"Edison International",72.81,"Utility - Electric Power",Utilities,Yes,"Edison Interna"
EL,"Estee Lauder Companies",192.64,"Cosmetics & Toiletries","Consumer Staples",Yes,"Estee Lauder C"
EMN,"Eastman Chemical Company",73.42,"Chemical - Diversified","Basic Materials",Yes,"Eastman Chemic"
EMR,"Emerson Electric Company",67.67,"Machinery - Electrical","Industrial Products",Yes,"Emerson Electr"
EOG,"Eog Resources",69.97,"Oil - US Exploration & Product",Oils-Energy,Yes,"Eog Resources"
EQIX,"Equinix Inc",573.26,"REIT - Equity Trust Retail",Finance,Yes,"Equinix Inc"
EQR,"Equity Residential",87.35,"REIT - Equity Trust Resident",Finance,Yes,"Equity Residen"
ES,"Eversource Energy",85.12,"Utility - Electric Power",Utilities,Yes,"Eversource Ene"
ESS,"Essex Property Trust",326.63,"REIT - Equity Trust Resident",Finance,Yes,"Essex Property"
ETFC,"E*Trade Finl Corp",39.79,"Finance - Investment Brokers",Finance,Yes,"E*Trade Finl C"
ETN,"Eaton Corp",82.29,"Machinery - Electrical","Industrial Products",Yes,"Eaton Corp"
ETR,"Entergy Corp",117.27,"Utility - Electric Power",Utilities,Yes,"Entergy Corp"
EVRG,"Evergy Inc",63.56,"Other Alt Energy",Oils-Energy,Yes,"Evergy Inc"
EW,"Edwards Lifesciences Corp",229.36,"Medical Instruments",Medical,Yes,"Edwards Lifesc"
EXC,"Exelon Corp",47.66,"Utility - Electric Power",Utilities,Yes,"Exelon Corp"
EXPD,"Expeditors Intl",75,"Transportation - Services",Transportation,Yes,"Expeditors Int"
EXPE,"Expedia Group Inc",139.29,"Internet Commerce",Retail-Wholesale,Yes,"Expedia Group "
EXR,"Extra Space Storage Inc",115.92,"REIT - Equity Trust Other",Finance,Yes,"Extra Space St"
F,"Ford Motor Company",8.77,"Auto - Domestic",Auto-Tires-Trucks,Yes,"Ford Motor Com"
FANG,"Diamondback Energy",84.08,"Oil - US Exploration & Product",Oils-Energy,Yes,"Diamondback En"
FAST,"Fastenal Company",36.13,"Building Prds Retail - Wsale",Retail-Wholesale,Yes,"Fastenal Compa"
FB,"Facebook Inc",185.25,"Internet - Services","Computers and Technology",Yes,"Facebook Inc"
FBHS,"Fortune Brands Home & Security",56.79,"Protection - Safety","Industrial Products",Yes,"Fortune Brands"
FCX,"Freeport-Mcmoran Inc",9.49,"Mining - Non Ferrous","Basic Materials",Yes,Freeport-Mcmor
FDX,"Fedex Corp",145.75,"Transportation - Air Freight",Transportation,Yes,"Fedex Corp"
FE,"Firstenergy Corp",47.75,"Utility - Electric Power",Utilities,Yes,"Firstenergy Co"
FFIV,"F5 Networks Inc",137.79,"Internet - Software","Computers and Technology",Yes,"F5 Networks In"
FIS,"Fidelity National Information Services",133.42,"Financial Transaction Services","Business Services",Yes,"Fidelity Natio"
FISV,"Fiserv Inc",106.33,"Financial Transaction Services","Business Services",Yes,"Fiserv Inc"
FITB,"Fifth Third Bncp",26.98,"Banks - Major Regional",Finance,Yes,"Fifth Third Bn"
FLIR,"Flir Systems Inc",53.42,"Electronics - Military",Aerospace,Yes,"Flir Systems I"
FLS,"Flowserve Corp",45.93,"Machinery - General Industrial","Industrial Products",Yes,"Flowserve Corp"
FLT,"Fleetcor Technologies",295.06,"Financial Transaction Services","Business Services",Yes,"Fleetcor Techn"
FMC,"FMC Corp",83.53,"Chemical - Diversified","Basic Materials",Yes,"FMC Corp"
FOX,"Fox Corp Cl B",31.39,"Broadcast - Radio & TV","Consumer Discretionary",Yes,"Fox Corp Cl B"
FOXA,"Fox Corp Cl A",31.49,"Broadcast - Radio & TV","Consumer Discretionary",Yes,"Fox Corp Cl A"
FRC,"First Republic Bank",96.94,"Banks - West",Finance,Yes,"First Republic"
FRT,"Federal Realty Investment Trust",135.5,"REIT - Equity Trust Retail",Finance,Yes,"Federal Realty"
FTI,"Technipfmc Plc",23.3,"Oil - Field Services",Oils-Energy,Yes,"Technipfmc Plc"
FTNT,"Fortinet Inc",79.62,Security,"Computers and Technology",Yes,"Fortinet Inc"
FTV,"Fortive Corp",68.05,"Electronic Test Equipment","Computers and Technology",Yes,"Fortive Corp"
GD,"General Dynamics Corp",179.89,"Aerospace - Defense",Aerospace,Yes,"General Dynami"
GE,"General Electric Company",8.77,"Conglomerates - Div Operations",Conglomerates,Yes,"General Electr"
GILD,"Gilead Sciences Inc",64.25,"Medical - Biomedical",Medical,Yes,"Gilead Science"
GIS,"General Mills",54.06,"Food - Misc & Diversified","Consumer Staples",Yes,"General Mills"
GL,"Globe Life Inc",95,"Finance - Misc Services",Finance,Yes,"Globe Life Inc"
GLW,"Corning Inc",28.79,"Communications Components","Computers and Technology",Yes,"Corning Inc"
GM,"General Motors Company",35.47,"Auto - Domestic",Auto-Tires-Trucks,Yes,"General Motors"
GOOG,"Alphabet Cl C",1223.47,"Internet - Services","Computers and Technology",Yes,"Alphabet Cl C"
GOOGL,"Alphabet Cl A",1224.42,"Internet - Services","Computers and Technology",Yes,"Alphabet Cl A"
GPC,"Genuine Parts Company",97.53,"Auto - Truck Replacement Parts",Auto-Tires-Trucks,Yes,"Genuine Parts "
GPN,"Global Payments Inc",165.65,"Financial Transaction Services","Business Services",Yes,"Global Payment"
GPS,"Gap Inc",17.27,"Retail - Apparel & Shoes",Retail-Wholesale,Yes,"Gap Inc"
GRMN,"Garmin Ltd",87.36,"Electronics Products - Misc","Computers and Technology",Yes,"Garmin Ltd"
GS,"Goldman Sachs Group",206.03,"Finance - Investment Brokers",Finance,Yes,"Goldman Sachs "
GWW,"W.W. Grainger",310.24,"Industrial Services","Industrial Products",Yes,"W.W. Grainger"
HAL,"Halliburton Company",18.93,"Oil - Field Services",Oils-Energy,Yes,"Halliburton Co"
HAS,"Hasbro Inc",121.44,"Toys & Game & Hobby","Consumer Discretionary",Yes,"Hasbro Inc"
HBAN,"Huntington Bcshs",14.12,"Banks - Midwest",Finance,Yes,"Huntington Bcs"
HBI,"Hanesbrands Inc",15.36,"Textile - Apparel","Consumer Staples",Yes,"Hanesbrands In"
HCA,"Hca Holdings Inc",121.38,"Medical - Hospitals",Medical,Yes,"Hca Holdings I"
HCP,"HCP Inc",36.37,"REIT - Equity Trust Other",Finance,Yes,"HCP Inc"
HD,"Home Depot",235.56,"Building Prds Retail - Wsale",Retail-Wholesale,Yes,"Home Depot"
HES,"Hess Corp",67.16,"Oil - US Integrated",Oils-Energy,Yes,"Hess Corp"
HFC,"Hollyfrontier Corp",54.43,"Oil - Refining and Marketing",Oils-Energy,Yes,"Hollyfrontier "
HIG,"Hartford Financial Services Group",58.99,"Insurance - Multi Line",Finance,Yes,"Hartford Finan"
HII,"Huntington Ingalls Industries",212.59,"Aerospace - Defense",Aerospace,Yes,"Huntington Ing"
HLT,"Hilton Inc",94.54,"Hotels & Motels","Consumer Discretionary",Yes,"Hilton Inc"
HOG,"Harley-Davidson Inc",35.33,"Auto - Domestic",Auto-Tires-Trucks,Yes,Harley-Davidso
HOLX,"Hologic Inc",49.39,"Medical Instruments",Medical,Yes,"Hologic Inc"
HON,"Honeywell International Inc",164.58,"Conglomerates - Div Operations",Conglomerates,Yes,"Honeywell Inte"
HP,"Helmerich & Payne",38.09,"Oil & Gas - Drilling",Oils-Energy,Yes,"Helmerich & Pa"
HPE,"Hewlett Packard Enterprise Comp",14.51,"Computer - Integrated Systems","Computers and Technology",Yes,"Hewlett Packar"
HPQ,"Hewlett-Packard Company",16.54,"Computer - Mini","Computers and Technology",Yes,Hewlett-Packar
HRB,"H&R Block",23.67,"Consumer Services - Misc","Consumer Discretionary",Yes,"H&R Block"
HRL,"Hormel Foods Corp",41.29,"Food - Meat Products","Consumer Staples",Yes,"Hormel Foods C"
HSIC,"Henry Schein Inc",63.63,"Medical - Dental Suppliers",Medical,Yes,"Henry Schein I"
HST,"Host Marriott Financial Trust",16.9,"REIT - Equity Trust Other",Finance,Yes,"Host Marriott "
HSY,"Hershey Foods Corp",155.18,"Food - Confectionery","Consumer Staples",Yes,"Hershey Foods "
HUM,"Humana Inc",267.89,"Medical - HMO",Medical,Yes,"Humana Inc"
IBM,"International Business Machines",144.23,"Computer - Integrated Systems","Computers and Technology",Yes,"International "
ICE,"Intercontinental Exchange",94.04,"Securities Exchanges",Finance,Yes,Intercontinent
IDXX,"Idexx Laboratories",278.36,"Medical Instruments",Medical,Yes,"Idexx Laborato"
IEX,"Idex Corp",161.01,"Machinery - General Industrial","Industrial Products",Yes,"Idex Corp"
IFF,"International Flavors & Fragrances",118.31,"Consumer Prdts - Misc Staple","Consumer Staples",Yes,"International "
ILMN,"Illumina Inc",305.79,"Medical - Biomedical",Medical,Yes,"Illumina Inc"
INCY,"Incyte Corp",76.87,"Medical - Biomedical",Medical,Yes,"Incyte Corp"
INFO,"IHS Markit Ltd",68.63,"Business Information","Business Services",Yes,"IHS Markit Ltd"
INTC,"Intel Corp",52.35,"Semi General","Computers and Technology",Yes,"Intel Corp"
INTU,"Intuit Inc",272.63,"Computer - Software","Computers and Technology",Yes,"Intuit Inc"
IP,"International Paper Company",41.84,"Paper & Related Products","Basic Materials",Yes,"International "
IPG,"Interpublic Group of Companies",20.24,"Advertising Marketing Services","Business Services",Yes,"Interpublic Gr"
IPGP,"Ipg Photonics Corp",135.67,"Lasers - Systems & Components","Computers and Technology",Yes,"Ipg Photonics "
IQV,"Iqvia Holdings Inc",148.58,"Technology Services","Business Services",Yes,"Iqvia Holdings"
IR,"Ingersoll-Rand Plc [Ireland]",117.52,"Machinery - General Industrial","Industrial Products",Yes,Ingersoll-Rand
IRM,"Iron Mountain Inc",32.51,"REIT - Equity Trust Other",Finance,Yes,"Iron Mountain "
ISRG,"Intuitive Surg Inc",526.66,"Medical Instruments",Medical,Yes,"Intuitive Surg"
IT,"Gartner Inc",145.71,Consulting,"Business Services",Yes,"Gartner Inc"
ITW,"Illinois Tool Works Inc",156.28,"Machinery - General Industrial","Industrial Products",Yes,"Illinois Tool "
IVZ,"Invesco Plc",16.1,"Finance - Investment Mgmt",Finance,Yes,"Invesco Plc"
JBHT,"J B Hunt Transport",110.06,"Transportation - Truck",Transportation,Yes,"J B Hunt Trans"
JCI,"Johnson Controls Intl",42.84,"Protection - Safety","Industrial Products",Yes,"Johnson Contro"
JEC,"Jacobs Engineering Group Inc",92.49,"Engineering & R&D Services","Industrial Products",Yes,"Jacobs Enginee"
JKHY,"Jack Henry & Assoc",144.05,"Electronic Misc Services","Computers and Technology",Yes,"Jack Henry & A"
JNJ,"Johnson & Johnson",132.13,"Large Cap Pharma",Medical,Yes,"Johnson & John"
JNPR,"Juniper Networks",23.9,"Wireless Equipment","Computers and Technology",Yes,"Juniper Networ"
JPM,"JP Morgan Chase & Company",117,"Banks - Major Regional",Finance,Yes,"JP Morgan Chas"
JWN,Nordstrom,35.09,"Retail - Apparel & Shoes",Retail-Wholesale,Yes,Nordstrom
K,"Kellogg Company",62.14,"Food - Misc & Diversified","Consumer Staples",Yes,"Kellogg Compan"
KEY,Keycorp,17.59,"Banks - Major Regional",Finance,Yes,Keycorp
KEYS,"Keysight Technologies Inc Comm",96.59,"Electronics - Measuring Inst","Computers and Technology",Yes,"Keysight Techn"
KHC,"Kraft Heinz Company",27.18,"Food - Misc & Diversified","Consumer Staples",Yes,"Kraft Heinz Co"
KIM,"Kimco Realty Corp",20.82,"REIT - Equity Trust Retail",Finance,Yes,"Kimco Realty C"
KLAC,"K L A-Tencor Corp",159.79,"Electronics Products - Misc","Computers and Technology",Yes,"K L A-Tencor C"
KMB,"Kimberly-Clark Corp",137.68,"Consumer Prdts - Misc Staple","Consumer Staples",Yes,Kimberly-Clark
KMI,"Kinder Morgan",20.41,"Oil - Production & Pipeline",Oils-Energy,Yes,"Kinder Morgan"
KMX,"Carmax Inc",90.38,"Retail - Wholesale Auto Parts",Retail-Wholesale,Yes,"Carmax Inc"
KO,"Coca-Cola Company",53.44,"Beverages - Soft","Consumer Staples",Yes,"Coca-Cola Comp"
KR,"Kroger Company",24.31,"Retail - Supermarket",Retail-Wholesale,Yes,"Kroger Company"
KSS,"Kohl's Corp",51.73,"Retail - Regional Dept Stores",Retail-Wholesale,Yes,"Kohl's Corp"
KSU,"Kansas City Southern",133.49,"Transportation - Rail",Transportation,Yes,"Kansas City So"
L,"Loews Corp",50.56,"Insurance - Multi Line",Finance,Yes,"Loews Corp"
LB,"L Brands Inc",17.66,"Retail - Apparel & Shoes",Retail-Wholesale,Yes,"L Brands Inc"
LDOS,"Leidos Holdings Inc",84.26,"Aerospace - Defense",Aerospace,Yes,"Leidos Holding"
LEG,"Leggett & Platt Inc",40.99,Furniture,"Consumer Discretionary",Yes,"Leggett & Plat"
LEN,"Lennar Corp",59.28,"Building - Residential & Comm",Construction,Yes,"Lennar Corp"
LH,"Laboratory Corp of America Holdings",167.76,"Medical - Dental Suppliers",Medical,Yes,"Laboratory Cor"
LHX,"L3Harris Technologies Inc",208.89,"Aerospace - Defense",Aerospace,Yes,"L3Harris Techn"
LIN,"Linde Plc",194.43,"Oil - Field Services",Oils-Energy,Yes,"Linde Plc"
LKQ,"LKQ Corp",31.28,"Auto - Truck Replacement Parts",Auto-Tires-Trucks,Yes,"LKQ Corp"
LLY,"Eli Lilly and Company",108.85,"Large Cap Pharma",Medical,Yes,"Eli Lilly and "
LMT,"Lockheed Martin Corp",386.84,"Aerospace - Defense",Aerospace,Yes,"Lockheed Marti"
LNC,"Lincoln National Corp",58.61,"Insurance - Life",Finance,Yes,"Lincoln Nation"
LNT,"Alliant Energy Corp",52.77,"Utility - Electric Power",Utilities,Yes,"Alliant Energy"
LOW,"Lowe's Companies",109.99,"Building Prds Retail - Wsale",Retail-Wholesale,Yes,"Lowe's Compani"
LRCX,"Lam Research Corp",238.94,"Semi-Eqpt Wafer Fabrication","Computers and Technology",Yes,"Lam Research C"
LUV,"Southwest Airlines Company",54.5,"Transportation - Airline",Transportation,Yes,"Southwest Airl"
LW,"Lamb Weston Holdings Inc",76.36,"Food - Misc & Diversified","Consumer Staples",Yes,"Lamb Weston Ho"
LYB,"Lyondellbasell Industries NV",87.52,"Chemical - Diversified","Basic Materials",Yes,Lyondellbasell
M,"Macy's Inc",15.83,"Retail - Regional Dept Stores",Retail-Wholesale,Yes,"Macy's Inc"
MA,"Mastercard Inc",279.34,"Financial Transaction Services","Business Services",Yes,"Mastercard Inc"
MAA,"Mid-America Apartment Communities",131.35,"REIT - Equity Trust Resident",Finance,Yes,"Mid-America Ap"
MAC,"Macerich Company",28.41,"REIT - Equity Trust Retail",Finance,Yes,"Macerich Compa"
MAR,"Marriot Int Cl A",121.79,"Hotels & Motels","Consumer Discretionary",Yes,"Marriot Int Cl"
MAS,"Masco Corp",42.71,"Building & Construction - Misc",Construction,Yes,"Masco Corp"
MCD,"McDonald's Corp",211.78,"Retail - Restaurants",Retail-Wholesale,Yes,"McDonald's Cor"
MCHP,"Microchip Technology",95.84,"Semi Analog & Mixed","Computers and Technology",Yes,"Microchip Tech"
MCK,"Mckesson Corp",135.57,"Medical - Dental Suppliers",Medical,Yes,"Mckesson Corp"
MCO,"Moody's Corp",216.01,"Finance - Misc Services",Finance,Yes,"Moody's Corp"
MDLZ,"Mondelez Intl Inc",54.98,"Food - Misc & Diversified","Consumer Staples",Yes,"Mondelez Intl "
MDT,"Medtronic Inc",108.5,"Medical Products",Medical,Yes,"Medtronic Inc"
MET,"Metlife Inc",46.46,"Insurance - Multi Line",Finance,Yes,"Metlife Inc"
MGM,"MGM Resorts International",28.06,Gaming,"Consumer Discretionary",Yes,"MGM Resorts In"
MHK,"Mohawk Industries",125.62,"Textile - Home Furnishings","Consumer Discretionary",Yes,"Mohawk Industr"
MKC,"Mccormick & Company Inc",164.44,"Food - Misc & Diversified","Consumer Staples",Yes,"Mccormick & Co"
MKTX,"Marketaxess Holdings",352.09,"Securities Exchanges",Finance,Yes,"Marketaxess Ho"
MLM,"Martin Marietta Materials",269.96,"Building - CMT & CNT & AG",Construction,Yes,"Martin Mariett"
MMC,"Marsh & Mclennan Companies",97.89,"Insurance - Brokers",Finance,Yes,"Marsh & Mclenn"
MMM,"3M Company",156.69,"Conglomerates - Div Operations",Conglomerates,Yes,"3M Company"
MNST,"Monster Beverage Cp",56.54,"Beverages - Soft","Consumer Staples",Yes,"Monster Bevera"
MO,"Altria Group",43.31,Tobacco,"Consumer Staples",Yes,"Altria Group"
MOS,"Mosaic Company",20.43,Fertilizers,"Basic Materials",Yes,"Mosaic Company"
MPC,"Marathon Petroleum Corp",62.93,"Oil - Refining and Marketing",Oils-Energy,Yes,"Marathon Petro"
MRK,"Merck & Company",85.06,"Large Cap Pharma",Medical,Yes,"Merck & Compan"
MRO,"Marathon Oil Corp",11.79,"Oil - US Integrated",Oils-Energy,Yes,"Marathon Oil C"
MS,"Morgan Stanley",42.35,"Finance - Investment Brokers",Finance,Yes,"Morgan Stanley"
MSCI,"MSCI Inc",226.53,"Business Software Services","Computers and Technology",Yes,"MSCI Inc"
MSFT,"Microsoft Corp",140.94,"Computer - Software","Computers and Technology",Yes,"Microsoft Corp"
MSI,"Motorola Solutions",171.52,"Wireless Equipment","Computers and Technology",Yes,"Motorola Solut"
MTB,"M&T Bank Corp",157.74,"Banks - Major Regional",Finance,Yes,"M&T Bank Corp"
MTD,"Mettler-Toledo International",695.9,"Industrial Scientific","Computers and Technology",Yes,Mettler-Toledo
MU,"Micron Technology",44.68,"Semi Memory","Computers and Technology",Yes,"Micron Technol"
MXIM,"Maxim Integrated",58.67,"Semi Analog & Mixed","Computers and Technology",Yes,"Maxim Integrat"
MYL,"Mylan NV Ord Shs",19.05,"Medical - Generic Drugs",Medical,Yes,"Mylan NV Ord S"
NBL,"Noble Energy Inc",20.5,"Oil - US Exploration & Product",Oils-Energy,Yes,"Noble Energy I"
NCLH,"Norwegian Cruise Ord",49.58,"Leisure & Recreation Services","Consumer Discretionary",Yes,"Norwegian Crui"
NDAQ,"Nasdaq Inc",98.5,"Securities Exchanges",Finance,Yes,"Nasdaq Inc"
NEE,"Nextera Energy",228.96,"Utility - Electric Power",Utilities,Yes,"Nextera Energy"
NEM,"Newmont Mining Corp",37.91,"Mining - Gold","Basic Materials",Yes,"Newmont Mining"
NFLX,"Netflix Inc",285.94,"Broadcast - Radio & TV","Consumer Discretionary",Yes,"Netflix Inc"
NI,"NiSource Inc",29.05,"Utility - Electric Power",Utilities,Yes,"NiSource Inc"
NKE,"Nike Inc",94.5,"Shoes and Related Apparel","Consumer Staples",Yes,"Nike Inc"
NKTR,"Nektar Therapeutics",17.15,"Medical - Drugs",Medical,Yes,"Nektar Therape"
NLSN,"Nielsen Holdings Plc",20.8,"Business Information","Business Services",Yes,"Nielsen Holdin"
NOC,"Northrop Grumman Corp",367.25,"Aerospace - Defense",Aerospace,Yes,"Northrop Grumm"
NOV,National-Oilwell,21,"Oil Field Machinery & Equip",Oils-Energy,Yes,National-Oilwe
NRG,"NRG Energy",39.52,"Utility - Electric Power",Utilities,Yes,"NRG Energy"
NSC,"Norfolk Southern Corp",177.38,"Transportation - Rail",Transportation,Yes,"Norfolk Southe"
NTAP,"Netapp Inc",51.41,"Computer - Storage Devices","Computers and Technology",Yes,"Netapp Inc"
NTRS,"Northern Trust Corp",92.51,"Banks - Major Regional",Finance,Yes,"Northern Trust"
NUE,"Nucor Corp",52.12,"Steel - Producers","Basic Materials",Yes,"Nucor Corp"
NVDA,"Nvidia Corp",188.75,"Semi General","Computers and Technology",Yes,"Nvidia Corp"
NVR,"NVR Inc",3615.7,"Building - Residential & Comm",Construction,No,"NVR Inc"
NWL,"Newell Rubbermaid Inc",19.07,"Consumer Prdts - Misc Staple","Consumer Staples",Yes,"Newell Rubberm"
NWS,"News Cp Cl B",13.77,"Movie & TV Production & Dist","Consumer Discretionary",Yes,"News Cp Cl B"
NWSA,"News Cp Cl A",13.48,"Movie & TV Production & Dist","Consumer Discretionary",Yes,"News Cp Cl A"
O,"Realty Income Corp",78.03,"REIT - Equity Trust Retail",Finance,Yes,"Realty Income "
OKE,"Oneok Inc",70.04,"Utility - Gas Distribution",Utilities,Yes,"Oneok Inc"
OMC,"Omnicom Group Inc",74.46,"Advertising Marketing Services","Business Services",Yes,"Omnicom Group "
ORCL,"Oracle Corp",56.51,"Computer - Software","Computers and Technology",Yes,"Oracle Corp"
ORLY,"O'Reilly Automotive",403.44,"Retail - Wholesale Auto Parts",Retail-Wholesale,Yes,"O'Reilly Autom"
OXY,"Occidental Petroleum Corp",41.49,"Oil - US Integrated",Oils-Energy,Yes,"Occidental Pet"
PAYX,"Paychex Inc",85.31,Outsourcing,"Business Services",Yes,"Paychex Inc"
PBCT,"People's United Finl",15.8,"Finance - Savings & Loan",Finance,Yes,"People's Unite"
PCAR,"Paccar Inc",69.46,"Auto - Domestic",Auto-Tires-Trucks,Yes,"Paccar Inc"
PEG,"Public Service Enterprise Group Inc",61.93,"Utility - Electric Power",Utilities,Yes,"Public Service"
PEP,"Pepsico Inc",137.44,"Beverages - Soft","Consumer Staples",Yes,"Pepsico Inc"
PFE,"Pfizer Inc",36.38,"Large Cap Pharma",Medical,Yes,"Pfizer Inc"
PFG,"Principal Financial Group Inc",56.04,"Finance - Investment Mgmt",Finance,Yes,"Principal Fina"
PG,"Procter & Gamble Company",121.47,"Soap and Cleaning Products","Consumer Staples",Yes,"Procter & Gamb"
PGR,"Progressive Corp",75.79,"Insurance - Proprty & Casualty",Finance,Yes,"Progressive Co"
PH,"Parker-Hannifin Corp",179.67,"Machinery - General Industrial","Industrial Products",Yes,Parker-Hannifi
PHM,Pultegroup,37.17,"Building - Residential & Comm",Construction,Yes,Pultegroup
PKG,"Packaging Corp of America",109.24,"Containers - Paper Products","Industrial Products",Yes,"Packaging Corp"
PKI,Perkinelmer,83.06,"Industrial Scientific","Computers and Technology",Yes,Perkinelmer
PLD,"Prologis Inc",85.87,"REIT - Equity Trust Other",Finance,Yes,"Prologis Inc"
PM,"Philip Morris International Inc",78.11,Tobacco,"Consumer Staples",Yes,"Philip Morris "
PNC,"PNC Bank",141.61,"Banks - Major Regional",Finance,Yes,"PNC Bank"
PNR,"Pentair Ltd",37.59,"Machinery - Thermal Processing","Industrial Products",Yes,"Pentair Ltd"
PNW,"Pinnacle West Capital Corp",94.55,"Utility - Electric Power",Utilities,Yes,"Pinnacle West "
PPG,"PPG Industries",118.93,"Chemical - Diversified","Basic Materials",Yes,"PPG Industries"
PPL,"PPL Corp",31.1,"Utility - Electric Power",Utilities,Yes,"PPL Corp"
PRGO,"Perrigo Company",53.52,"Medical Products",Medical,Yes,"Perrigo Compan"
PRU,"Prudential Financial Inc",90.13,"Insurance - Multi Line",Finance,Yes,"Prudential Fin"
PSA,"Public Storage",246.92,"REIT - Equity Trust Other",Finance,Yes,"Public Storage"
PSX,"Phillips 66",107.53,"Oil - Refining and Marketing",Oils-Energy,Yes,"Phillips 66"
PVH,"Phillips-Van Heusen Corp",87.9,"Textile - Apparel","Consumer Staples",Yes,"Phillips-Van H"
PWR,"Quanta Services",39.5,"Engineering & R&D Services","Industrial Products",Yes,"Quanta Service"
PXD,"Pioneer Natural Resources Company",131.69,"Oil - US Exploration & Product",Oils-Energy,Yes,"Pioneer Natura"
PYPL,"Paypal Holdings",103.54,"Internet - Software","Computers and Technology",Yes,"Paypal Holding"
QCOM,"Qualcomm Inc",77.39,"Wireless Equipment","Computers and Technology",Yes,"Qualcomm Inc"
QRVO,"Qorvo Inc",77.59,"Semi Radio Frequency","Computers and Technology",Yes,"Qorvo Inc"
RCL,"Royal Caribbean Cruises Ltd",107.74,"Leisure & Recreation Services","Consumer Discretionary",Yes,"Royal Caribbea"
RE,"Everest Re Group",252.86,"Insurance - Proprty & Casualty",Finance,Yes,"Everest Re Gro"
REG,"Regency Centers Corp",68.59,"REIT - Equity Trust Retail",Finance,Yes,"Regency Center"
REGN,"Regeneron Pharmaceuticals",301.85,"Medical - Biomedical",Medical,Yes,"Regeneron Phar"
RF,"Regions Financial Corp",15.56,"Banks - Southeast",Finance,Yes,"Regions Financ"
RHI,"Robert Half International Inc",54.71,Staffing,"Business Services",Yes,"Robert Half In"
RJF,"Raymond James Financial",80.69,"Finance - Investment Brokers",Finance,Yes,"Raymond James "
RL,"Ralph Lauren Corp",94.24,"Textile - Apparel","Consumer Staples",Yes,"Ralph Lauren C"
RMD,"Resmed Inc",131.51,"Medical Products",Medical,Yes,"Resmed Inc"
ROK,"Rockwell Automation Inc",164.35,"Industrial Robotics","Computers and Technology",Yes,"Rockwell Autom"
ROL,"Rollins Inc",35.45,"Building - Maint & Service",Construction,Yes,"Rollins Inc"
ROP,"Roper Industries",346.09,"Machinery - General Industrial","Industrial Products",Yes,"Roper Industri"
ROST,"Ross Stores Inc",112.76,"Retail - Discount",Retail-Wholesale,Yes,"Ross Stores In"
RSG,"Republic Services",87.34,"Waste Removal Svcs","Business Services",Yes,"Republic Servi"
RTN,"Raytheon Company",199.94,"Aerospace - Defense Equipment",Aerospace,Yes,"Raytheon Compa"
SBAC,"SBA Communications",244.08,"REIT - Equity Trust Other",Finance,Yes,"SBA Communicat"
SBUX,"Starbucks Corp",87.21,"Retail - Restaurants",Retail-Wholesale,Yes,"Starbucks Corp"
SCHW,"The Charles Schwab Corp",36.92,"Finance - Investment Brokers",Finance,Yes,"The Charles Sc"
SEE,"Sealed Air Corp",40.86,"Containers - Paper Products","Industrial Products",Yes,"Sealed Air Cor"
SHW,"Sherwin-Williams Company",562.14,"Paint & Related Products",Construction,Yes,Sherwin-Willia
SIVB,"Svb Financial Group",201.62,"Banks - West",Finance,Yes,"Svb Financial "
SJM,"J.M. Smucker Company",106.55,"Food - Misc & Diversified","Consumer Staples",Yes,"J.M. Smucker C"
SLB,"Schlumberger N.V.",32.26,"Oil - Field Services",Oils-Energy,Yes,"Schlumberger N"
SLG,"SL Green Realty Corp",80.38,"REIT - Equity Trust Other",Finance,Yes,"SL Green Realt"
SNA,"Snap-On Inc",158.3,"Tools - Hand Held","Consumer Discretionary",Yes,"Snap-On Inc"
SNPS,"Synopsys Inc",140.64,"Computer - Software","Computers and Technology",Yes,"Synopsys Inc"
SO,"Southern Company",61.39,"Utility - Electric Power",Utilities,Yes,"Southern Compa"
SPG,"Simon Property Group",149.27,"REIT - Equity Trust Retail",Finance,Yes,"Simon Property"
SPGI,"S&P Global Inc",255.45,"Business Information","Business Services",Yes,"S&P Global Inc"
SRE,"Sempra Energy",146.06,"Utility - Gas Distribution",Utilities,Yes,"Sempra Energy"
STI,"Suntrust Banks",67.33,"Banks - Major Regional",Finance,Yes,"Suntrust Banks"
STT,"State Street Corp",59.28,"Banks - Major Regional",Finance,Yes,"State Street C"
STX,"Seagate Tech Ord Shs",54.08,"Computer - Storage Devices","Computers and Technology",Yes,"Seagate Tech O"
STZ,"Constellation Brands Inc",193.76,"Beverages - Alcohol","Consumer Staples",Yes,"Constellation "
SWK,"Stanley Black & Decker Inc",145.7,"Machinery - Tools & Related","Industrial Products",Yes,"Stanley Black "
SWKS,"Skyworks Solutions",84.74,"Semi Radio Frequency","Computers and Technology",Yes,"Skyworks Solut"
SYF,"Synchrony Financial",33.6,"Finance - Misc Services",Finance,Yes,"Synchrony Fina"
SYK,"Stryker Corp",215.22,"Medical Products",Medical,Yes,"Stryker Corp"
SYMC,"Symantec Corp",23.91,"Computer - Software","Computers and Technology",Yes,"Symantec Corp"
SYY,"Sysco Corp",78.8,"Food - Misc & Diversified","Consumer Staples",Yes,"Sysco Corp"
T,"AT&T Inc",37.53,"Wireless National",Utilities,Yes,"AT&T Inc"
TAP,"Molson Coors Brewing Company",56.1,"Beverages - Alcohol","Consumer Staples",Yes,"Molson Coors B"
TDG,"Transdigm Group Inc",518.87,"Aerospace - Defense Equipment",Aerospace,Yes,"Transdigm Grou"
TEL,"Te Connectivity Ltd",90.77,"Electronics - Misc Components","Computers and Technology",Yes,"Te Connectivit"
TFX,"Teleflex Inc",323.47,"Medical Instruments",Medical,Yes,"Teleflex Inc"
TGT,"Target Corp",112.08,"Retail - Discount",Retail-Wholesale,Yes,"Target Corp"
TIF,"Tiffany & Company",91.58,"Retail - Jewelry",Retail-Wholesale,Yes,"Tiffany & Comp"
TJX,"TJX Companies",58.65,"Retail - Discount",Retail-Wholesale,Yes,"TJX Companies"
TMO,"Thermo Fisher Scientific Inc",286.62,"Medical Instruments",Medical,Yes,"Thermo Fisher "
TMUS,"T-Mobile US",79.25,"Wireless National",Utilities,Yes,"T-Mobile US"
TPR,"Tapestry Inc",26.15,"Retail - Apparel & Shoes",Retail-Wholesale,Yes,"Tapestry Inc"
TRIP,"Tripadvisor Inc",39.53,"Internet Commerce",Retail-Wholesale,Yes,"Tripadvisor In"
TROW,"T Rowe Price Group",112.21,"Finance - Investment Mgmt",Finance,Yes,"T Rowe Price G"
TRV,"The Travelers Companies Inc",143.22,"Insurance - Proprty & Casualty",Finance,Yes,"The Travelers "
TSCO,"Tractor Supply Company",94.39,"Retail - Misc & Diversified",Retail-Wholesale,Yes,"Tractor Supply"
TSN,"Tyson Foods",83.13,"Food - Meat Products","Consumer Staples",Yes,"Tyson Foods"
TTWO,"Take-Two Interacti",124.16,"Toys & Game & Hobby","Consumer Discretionary",Yes,"Take-Two Inter"
TWTR,"Twitter Inc",40.45,"Internet - Software","Computers and Technology",Yes,"Twitter Inc"
TXN,"Texas Instruments",130.53,"Semi General","Computers and Technology",Yes,"Texas Instrume"
TXT,"Textron Inc",49.75,"Aerospace - Defense",Aerospace,Yes,"Textron Inc"
UA,"Under Armour Inc Cl C",18.4,"Textile - Apparel","Consumer Staples",Yes,"Under Armour I"
UAA,"Under Armour",20.21,"Textile - Apparel","Consumer Staples",Yes,"Under Armour"
UAL,"United Continental Holdings",88.51,"Transportation - Airline",Transportation,Yes,"United Contine"
UDR,"United Dominion Realty Trust",47.99,"REIT - Equity Trust Resident",Finance,Yes,"United Dominio"
UHS,"Universal Health Services",148.68,"Medical - Hospitals",Medical,Yes,"Universal Heal"
ULTA,"Ulta Beauty Inc",247.85,"Retail - Misc & Diversified",Retail-Wholesale,Yes,"Ulta Beauty In"
UNH,"Unitedhealth Group Inc",225.98,"Medical - HMO",Medical,Yes,"Unitedhealth G"
UNM,"Unumprovident Corp",28.66,"Insurance - Accident & Health",Finance,Yes,"Unumprovident "
UNP,"Union Pacific Corp",159.64,"Transportation - Rail",Transportation,Yes,"Union Pacific "
UPS,"United Parcel Service",117.87,"Transportation - Air Freight",Transportation,Yes,"United Parcel "
URI,"United Rentals",119.9,"Building & Construction - Misc",Construction,Yes,"United Rentals"
USB,"U.S. Bancorp",53.8,"Banks - Major Regional",Finance,Yes,"U.S. Bancorp"
UTX,"United Technologies Corp",136.01,"Conglomerates - Div Operations",Conglomerates,Yes,"United Technol"
V,"Visa Inc",179.02,"Financial Transaction Services","Business Services",Yes,"Visa Inc"
VAR,"Varian Medical Systems",112.06,"Medical Instruments",Medical,Yes,"Varian Medical"
VFC,"V.F. Corp",91.49,"Textile - Apparel","Consumer Staples",Yes,"V.F. Corp"
VIAB,"Viacom Inc Cl B",23.19,"Media Conglomerates","Consumer Discretionary",Yes,"Viacom Inc Cl "
VLO,"Valero Energy Corp",87.84,"Oil - Refining and Marketing",Oils-Energy,Yes,"Valero Energy "
VMC,"Vulcan Materials Company",149.85,"Building - CMT & CNT & AG",Construction,Yes,"Vulcan Materia"
VNO,"Vornado Realty Trust",63.04,"REIT - Equity Trust Other",Finance,Yes,"Vornado Realty"
VRSK,"Verisk Analytics Inc",158.27,"Business Information","Business Services",Yes,"Verisk Analyti"
VRSN,"Verisign Inc",188.66,"Internet Software Services","Computers and Technology",Yes,"Verisign Inc"
VRTX,"Vertex Pharmaceutic",173.97,"Medical - Biomedical",Medical,Yes,"Vertex Pharmac"
VTR,"Ventas Inc",72.7,"REIT - Equity Trust Other",Finance,Yes,"Ventas Inc"
VZ,"Verizon Communications Inc",60.23,"Wireless National",Utilities,Yes,"Verizon Commun"
WAB,"Wabtec Corp",66.71,"Transportation - Equip & Lease",Transportation,Yes,"Wabtec Corp"
WAT,"Waters Corp",213.99,"Industrial Scientific","Computers and Technology",Yes,"Waters Corp"
WBA,"Walgreens Boots Alliance",54.56,"Retail - Drug Stores",Retail-Wholesale,Yes,"Walgreens Boot"
WCG,"Wellcare Group",266.69,"Medical - HMO",Medical,Yes,"Wellcare Group"
WDC,"Western Digital Cp",58.86,"Computer - Storage Devices","Computers and Technology",Yes,"Western Digita"
WEC,"Wisconsin Energy Corp",93.33,"Utility - Electric Power",Utilities,Yes,"Wisconsin Ener"
WELL,"Welltower Inc",91.22,"REIT - Equity Trust Other",Finance,Yes,"Welltower Inc"
WFC,"Wells Fargo & Company",49.7,"Banks - Major Regional",Finance,Yes,"Wells Fargo & "
WHR,"Whirlpool Corp",159.83,"Appliances - Household","Consumer Discretionary",Yes,"Whirlpool Corp"
WLTW,"Willis Towers Wts",189.5,"Insurance - Brokers",Finance,Yes,"Willis Towers "
WM,"Waste Management",117.38,"Waste Removal Svcs","Business Services",Yes,"Waste Manageme"
WMB,"Williams Companies",23.18,"Oil - Production & Pipeline",Oils-Energy,Yes,"Williams Compa"
WMT,"Wal-Mart Stores",119.89,"Retail - Supermarket",Retail-Wholesale,Yes,"Wal-Mart Store"
WRK,"Westrock Company",36.57,"Paper & Related Products","Basic Materials",Yes,"Westrock Compa"
WU,"Western Union Company",23.75,"Financial Transaction Services","Business Services",Yes,"Western Union "
WY,"Weyerhaeuser Company",27.4,"Building Products - Wood",Construction,Yes,"Weyerhaeuser C"
WYNN,"Wynn Resorts Ltd",111.49,Gaming,"Consumer Discretionary",Yes,"Wynn Resorts L"
XEC,"Cimarex Energy Company",45.67,"Oil - US Exploration & Product",Oils-Energy,Yes,"Cimarex Energy"
XEL,"XCEL Energy Inc",63.19,"Utility - Electric Power",Utilities,Yes,"XCEL Energy In"
XLNX,"Xilinx Inc",97.09,"Semi Pro Logic Devices","Computers and Technology",Yes,"Xilinx Inc"
XOM,"Exxon Mobil Corp",69.22,"Oil - International Integrated",Oils-Energy,Yes,"Exxon Mobil Co"
XRAY,"Dentsply Sirona Inc",54.35,"Medical - Dental Suppliers",Medical,Yes,"Dentsply Siron"
XRX,"Xerox Corp",29.65,"Office Supply & Forms","Industrial Products",Yes,"Xerox Corp"
XYL,"Xylem Inc",77.97,"Machinery - General Industrial","Industrial Products",Yes,"Xylem Inc"
YUM,"Yum! Brands",114.9,"Retail - Restaurants",Retail-Wholesale,Yes,"Yum! Brands"
ZBH,"Zimmer Biomet Holdings",137.2,"Medical Products",Medical,Yes,"Zimmer Biomet "
ZION,"Zions Bancorp",44.27,"Banks - West",Finance,Yes,"Zions Bancorp"
ZTS,"Zoetis Inc Cl A",129.16,"Medical - Drugs",Medical,Yes,"Zoetis Inc Cl "

